Route_ID,TARGET_FID
옥수역_3km_초급,4985
옥수역_3km_초급,5893
옥수역_3km_초급,2488
옥수역_3km_초급,6670
옥수역_3km_초급,2453
옥수역_3km_초급,6187
옥수역_3km_초급,8770
옥수역_3km_초급,4033
옥수역_3km_초급,650
옥수역_3km_초급,8680
옥수역_3km_초급,8235
옥수역_3km_초급,6181
옥수역_3km_초급,3591
옥수역_3km_초급,702
옥수역_3km_초급,1553
옥수역_3km_초급,6580
옥수역_3km_초급,6440
옥수역_3km_초급,1632
옥수역_3km_초급,3611
옥수역_3km_초급,8382
옥수역_3km_초급,4022
옥수역_3km_초급,4466
옥수역_3km_초급,5777
옥수역_3km_초급,8313
옥수역_3km_초급,8358
옥수역_3km_초급,7324
옥수역_3km_초급,3498
옥수역_3km_초급,2598
옥수역_3km_초급,252
옥수역_3km_초급,6407
옥수역_3km_초급,548
옥수역_3km_초급,6003
옥수역_3km_초급,8066
옥수역_3km_초급,2107
옥수역_3km_초급,8419
옥수역_3km_초급,2612
옥수역_3km_초급,6838
옥수역_3km_초급,8406
옥수역_3km_초급,4484
옥수역_3km_초급,3844
옥수역_3km_초급,7470
옥수역_3km_초급,2689
옥수역_3km_초급,5108
옥수역_3km_초급,3102
옥수역_3km_초급,3326
옥수역_3km_초급,2470
옥수역_3km_초급,6883
옥수역_5km_중급,4985
옥수역_5km_중급,5893
옥수역_5km_중급,2488
옥수역_5km_중급,6883
옥수역_5km_중급,2470
옥수역_5km_중급,3326
옥수역_5km_중급,3102
옥수역_5km_중급,5108
옥수역_5km_중급,2689
옥수역_5km_중급,7470
옥수역_5km_중급,3844
옥수역_5km_중급,4484
옥수역_5km_중급,8406
옥수역_5km_중급,6838
옥수역_5km_중급,2612
옥수역_5km_중급,8419
옥수역_5km_중급,2107
옥수역_5km_중급,8066
옥수역_5km_중급,8386
옥수역_5km_중급,8256
옥수역_5km_중급,3022
옥수역_5km_중급,6379
옥수역_5km_중급,7178
옥수역_5km_중급,4567
옥수역_5km_중급,5042
옥수역_5km_중급,7883
옥수역_5km_중급,9619
옥수역_5km_중급,4970
옥수역_5km_중급,8477
옥수역_5km_중급,2841
옥수역_5km_중급,6198
옥수역_5km_중급,8960
옥수역_5km_중급,9225
옥수역_5km_중급,5088
옥수역_5km_중급,4039
옥수역_5km_중급,2856
옥수역_5km_중급,4210
옥수역_5km_중급,6419
옥수역_5km_중급,46
옥수역_5km_중급,2768
옥수역_5km_중급,476
옥수역_5km_중급,5110
옥수역_5km_중급,6846
옥수역_5km_중급,7972
옥수역_5km_중급,334
옥수역_5km_중급,2011
옥수역_5km_중급,316
옥수역_5km_중급,3251
옥수역_5km_중급,8468
옥수역_5km_중급,1373
옥수역_5km_중급,5124
옥수역_5km_중급,6922
옥수역_5km_중급,7125
옥수역_5km_중급,5310
옥수역_5km_중급,2146
옥수역_5km_중급,8383
옥수역_5km_중급,3405
옥수역_5km_중급,1308
옥수역_5km_중급,5710
옥수역_5km_중급,8216
옥수역_5km_중급,9432
옥수역_5km_중급,4971
옥수역_5km_중급,6114
옥수역_5km_중급,142
옥수역_5km_중급,7859
옥수역_5km_중급,3202
옥수역_5km_중급,4327
옥수역_5km_중급,901
옥수역_5km_중급,2192
옥수역_5km_중급,2416
옥수역_5km_중급,339
옥수역_5km_중급,4009
옥수역_5km_중급,6018
옥수역_5km_중급,2312
옥수역_5km_중급,6280
옥수역_5km_중급,2707
옥수역_5km_중급,8311
옥수역_5km_중급,2687
옥수역_5km_중급,5170
옥수역_5km_중급,3997
옥수역_5km_중급,7471
옥수역_5km_중급,4915
옥수역_5km_중급,602
옥수역_5km_중급,3283
옥수역_5km_중급,4218
옥수역_5km_중급,650
옥수역_5km_중급,4033
옥수역_5km_중급,8770
옥수역_5km_중급,6187
옥수역_5km_중급,2453
옥수역_5km_중급,6670
왕십리역_3km_초급,6032
왕십리역_3km_초급,6806
왕십리역_3km_초급,7685
왕십리역_3km_초급,7735
왕십리역_3km_초급,6392
왕십리역_3km_초급,2690
왕십리역_3km_초급,5063
왕십리역_3km_초급,4132
왕십리역_3km_초급,8084
왕십리역_3km_초급,591
왕십리역_3km_초급,6477
왕십리역_3km_초급,5411
왕십리역_3km_초급,7210
왕십리역_3km_초급,3944
왕십리역_3km_초급,470
왕십리역_3km_초급,2364
왕십리역_3km_초급,7868
왕십리역_3km_초급,1869
왕십리역_3km_초급,3071
왕십리역_3km_초급,5467
왕십리역_3km_초급,1093
왕십리역_3km_초급,5141
왕십리역_3km_초급,3260
왕십리역_3km_초급,6610
왕십리역_3km_초급,227
왕십리역_3km_초급,4538
왕십리역_3km_초급,2809
왕십리역_3km_초급,6866
왕십리역_3km_초급,6957
왕십리역_3km_초급,1788
왕십리역_3km_초급,5592
왕십리역_3km_초급,7416
왕십리역_3km_초급,8665
왕십리역_3km_초급,2767
왕십리역_3km_초급,6854
왕십리역_3km_초급,7995
왕십리역_3km_초급,6053
왕십리역_3km_초급,5541
왕십리역_3km_초급,8030
왕십리역_3km_초급,3628
왕십리역_3km_초급,7034
왕십리역_3km_초급,4944
왕십리역_3km_초급,3425
왕십리역_3km_초급,2037
왕십리역_3km_초급,7140
왕십리역_3km_초급,7479
왕십리역_3km_초급,8482
왕십리역_3km_초급,4253
왕십리역_3km_초급,8194
왕십리역_3km_초급,4834
왕십리역_3km_초급,3897
왕십리역_3km_초급,6579
왕십리역_3km_초급,4144
왕십리역_3km_초급,6663
왕십리역_3km_초급,35
왕십리역_3km_초급,2761
왕십리역_3km_초급,5440
왕십리역_3km_초급,9310
왕십리역_3km_초급,2788
왕십리역_3km_초급,1993
왕십리역_3km_초급,736
왕십리역_3km_초급,7326
왕십리역_3km_초급,4610
왕십리역_5km_중급,6032
왕십리역_5km_중급,6806
왕십리역_5km_중급,5689
왕십리역_5km_중급,9338
왕십리역_5km_중급,6119
왕십리역_5km_중급,444
왕십리역_5km_중급,6940
왕십리역_5km_중급,232
왕십리역_5km_중급,3471
왕십리역_5km_중급,7457
왕십리역_5km_중급,3532
왕십리역_5km_중급,3166
왕십리역_5km_중급,4643
왕십리역_5km_중급,4446
왕십리역_5km_중급,5692
왕십리역_5km_중급,9235
왕십리역_5km_중급,671
왕십리역_5km_중급,3552
왕십리역_5km_중급,1558
왕십리역_5km_중급,2405
왕십리역_5km_중급,2721
왕십리역_5km_중급,7924
왕십리역_5km_중급,4373
왕십리역_5km_중급,756
왕십리역_5km_중급,6585
왕십리역_5km_중급,6919
왕십리역_5km_중급,3606
왕십리역_5km_중급,4628
왕십리역_5km_중급,1466
왕십리역_5km_중급,3387
왕십리역_5km_중급,3109
왕십리역_5km_중급,4024
왕십리역_5km_중급,8395
왕십리역_5km_중급,1374
왕십리역_5km_중급,3561
왕십리역_5km_중급,5754
왕십리역_5km_중급,7748
왕십리역_5km_중급,5979
왕십리역_5km_중급,1781
왕십리역_5km_중급,2464
왕십리역_5km_중급,3200
왕십리역_5km_중급,7509
왕십리역_5km_중급,3035
왕십리역_5km_중급,5611
왕십리역_5km_중급,2205
왕십리역_5km_중급,6700
왕십리역_5km_중급,7796
왕십리역_5km_중급,1016
왕십리역_5km_중급,5401
왕십리역_5km_중급,9515
왕십리역_5km_중급,4554
왕십리역_5km_중급,7237
왕십리역_5km_중급,8957
왕십리역_5km_중급,5070
왕십리역_5km_중급,991
왕십리역_5km_중급,4682
왕십리역_5km_중급,5072
왕십리역_5km_중급,7067
왕십리역_5km_중급,4169
왕십리역_5km_중급,572
왕십리역_5km_중급,6289
왕십리역_5km_중급,6165
왕십리역_5km_중급,574
왕십리역_5km_중급,5195
왕십리역_5km_중급,6350
왕십리역_5km_중급,6096
왕십리역_5km_중급,3488
왕십리역_5km_중급,4904
왕십리역_5km_중급,9551
왕십리역_5km_중급,3706
왕십리역_5km_중급,681
왕십리역_5km_중급,8720
왕십리역_5km_중급,4965
왕십리역_5km_중급,7336
왕십리역_5km_중급,2441
왕십리역_5km_중급,7704
왕십리역_5km_중급,1107
왕십리역_5km_중급,7015
왕십리역_5km_중급,3789
왕십리역_5km_중급,7880
왕십리역_5km_중급,7759
왕십리역_5km_중급,1913
왕십리역_5km_중급,9014
왕십리역_5km_중급,5894
왕십리역_5km_중급,8408
왕십리역_5km_중급,6929
왕십리역_5km_중급,1247
왕십리역_5km_중급,8375
왕십리역_5km_중급,6084
왕십리역_5km_중급,6521
왕십리역_5km_중급,4911
왕십리역_5km_중급,9085
왕십리역_5km_중급,6405
왕십리역_5km_중급,8649
왕십리역_5km_중급,8201
왕십리역_5km_중급,7981
왕십리역_5km_중급,5073
왕십리역_5km_중급,5918
왕십리역_5km_중급,3185
왕십리역_5km_중급,2562
왕십리역_5km_중급,4610
왕십리역_5km_중급,7685
금호나들목_3km_초급,4142
금호나들목_3km_초급,2423
금호나들목_3km_초급,1931
금호나들목_3km_초급,4838
금호나들목_3km_초급,5962
금호나들목_3km_초급,1641
금호나들목_3km_초급,9448
금호나들목_3km_초급,8506
금호나들목_3km_초급,9568
금호나들목_3km_초급,6840
금호나들목_3km_초급,2049
금호나들목_3km_초급,7035
금호나들목_3km_초급,2133
금호나들목_3km_초급,6658
금호나들목_3km_초급,7576
금호나들목_3km_초급,6130
금호나들목_3km_초급,4072
금호나들목_3km_초급,2420
금호나들목_3km_초급,9445
금호나들목_3km_초급,6404
금호나들목_3km_초급,6985
금호나들목_3km_초급,4809
금호나들목_3km_초급,4205
금호나들목_3km_초급,6744
금호나들목_3km_초급,7723
금호나들목_3km_초급,5362
금호나들목_3km_초급,8815
금호나들목_3km_초급,7671
금호나들목_3km_초급,5203
금호나들목_3km_초급,5215
금호나들목_3km_초급,2293
금호나들목_3km_초급,110
금호나들목_3km_초급,6524
금호나들목_3km_초급,9322
금호나들목_3km_초급,1644
금호나들목_3km_초급,5066
금호나들목_3km_초급,2483
금호나들목_3km_초급,2102
금호나들목_3km_초급,9569
금호나들목_3km_초급,6345
금호나들목_3km_초급,7753
금호나들목_3km_초급,4044
금호나들목_3km_초급,3457
금호나들목_3km_초급,2579
금호나들목_3km_초급,1531
금호나들목_3km_초급,4537
금호나들목_3km_초급,5734
금호나들목_3km_초급,9216
금호나들목_3km_초급,9166
금호나들목_3km_초급,5511
금호나들목_3km_초급,6387
금호나들목_3km_초급,6819
금호나들목_3km_초급,1620
금호나들목_3km_초급,8689
금호나들목_3km_초급,1864
금호나들목_3km_초급,4101
금호나들목_3km_초급,9030
금호나들목_3km_초급,723
금호나들목_3km_초급,580
금호나들목_3km_초급,4174
금호나들목_5km_중급,4142
금호나들목_5km_중급,4174
금호나들목_5km_중급,580
금호나들목_5km_중급,723
금호나들목_5km_중급,9030
금호나들목_5km_중급,4101
금호나들목_5km_중급,1864
금호나들목_5km_중급,8100
금호나들목_5km_중급,1033
금호나들목_5km_중급,7473
금호나들목_5km_중급,762
금호나들목_5km_중급,1295
금호나들목_5km_중급,4201
금호나들목_5km_중급,7425
금호나들목_5km_중급,7298
금호나들목_5km_중급,5048
금호나들목_5km_중급,6931
금호나들목_5km_중급,5065
금호나들목_5km_중급,6937
금호나들목_5km_중급,8213
금호나들목_5km_중급,8110
금호나들목_5km_중급,4843
금호나들목_5km_중급,1926
금호나들목_5km_중급,8969
금호나들목_5km_중급,712
금호나들목_5km_중급,1582
금호나들목_5km_중급,1943
금호나들목_5km_중급,771
금호나들목_5km_중급,5122
금호나들목_5km_중급,1580
금호나들목_5km_중급,2131
금호나들목_5km_중급,5085
금호나들목_5km_중급,7438
금호나들목_5km_중급,5672
금호나들목_5km_중급,8271
금호나들목_5km_중급,4368
금호나들목_5km_중급,1053
금호나들목_5km_중급,788
금호나들목_5km_중급,5307
금호나들목_5km_중급,1709
금호나들목_5km_중급,5737
금호나들목_5km_중급,7589
금호나들목_5km_중급,8619
금호나들목_5km_중급,2580
금호나들목_5km_중급,2585
금호나들목_5km_중급,5847
금호나들목_5km_중급,3064
금호나들목_5km_중급,5388
금호나들목_5km_중급,2476
금호나들목_5km_중급,8604
금호나들목_5km_중급,2148
금호나들목_5km_중급,2245
금호나들목_5km_중급,9644
금호나들목_5km_중급,1671
금호나들목_5km_중급,9454
금호나들목_5km_중급,3711
금호나들목_5km_중급,1954
금호나들목_5km_중급,2924
금호나들목_5km_중급,2962
금호나들목_5km_중급,7750
금호나들목_5km_중급,1704
금호나들목_5km_중급,9411
금호나들목_5km_중급,5161
금호나들목_5km_중급,5062
금호나들목_5km_중급,5885
금호나들목_5km_중급,2707
금호나들목_5km_중급,2036
금호나들목_5km_중급,1706
금호나들목_5km_중급,8974
금호나들목_5km_중급,1369
금호나들목_5km_중급,463
금호나들목_5km_중급,6158
금호나들목_5km_중급,8023
금호나들목_5km_중급,4809
금호나들목_5km_중급,6985
금호나들목_5km_중급,1607
금호나들목_5km_중급,6130
금호나들목_5km_중급,7576
금호나들목_5km_중급,6658
금호나들목_5km_중급,2133
금호나들목_5km_중급,7035
금호나들목_5km_중급,2049
금호나들목_5km_중급,6840
금호나들목_5km_중급,9568
금호나들목_5km_중급,8506
금호나들목_5km_중급,9448
금호나들목_5km_중급,1641
금호나들목_5km_중급,5962
금호나들목_5km_중급,4838
금호나들목_5km_중급,1931
금호나들목_5km_중급,2423
성덕정나들목_3km_초급,6531
성덕정나들목_3km_초급,9671
성덕정나들목_3km_초급,4085
성덕정나들목_3km_초급,3092
성덕정나들목_3km_초급,5891
성덕정나들목_3km_초급,669
성덕정나들목_3km_초급,2759
성덕정나들목_3km_초급,4280
성덕정나들목_3km_초급,8444
성덕정나들목_3km_초급,1661
성덕정나들목_3km_초급,4755
성덕정나들목_3km_초급,3941
성덕정나들목_3km_초급,9065
성덕정나들목_3km_초급,1334
성덕정나들목_3km_초급,7127
성덕정나들목_3km_초급,6771
성덕정나들목_3km_초급,9184
성덕정나들목_3km_초급,7842
성덕정나들목_3km_초급,1396
성덕정나들목_3km_초급,3916
성덕정나들목_3km_초급,8765
성덕정나들목_3km_초급,1227
성덕정나들목_3km_초급,5892
성덕정나들목_3km_초급,471
성덕정나들목_3km_초급,1907
성덕정나들목_3km_초급,7664
성덕정나들목_3km_초급,3226
성덕정나들목_3km_초급,3119
성덕정나들목_3km_초급,7070
성덕정나들목_3km_초급,4025
성덕정나들목_3km_초급,2971
성덕정나들목_3km_초급,272
성덕정나들목_3km_초급,7026
성덕정나들목_3km_초급,9083
성덕정나들목_3km_초급,1520
성덕정나들목_3km_초급,9626
성덕정나들목_3km_초급,9341
성덕정나들목_3km_초급,1236
성덕정나들목_3km_초급,1173
성덕정나들목_3km_초급,1096
성덕정나들목_3km_초급,9556
성덕정나들목_3km_초급,1304
성덕정나들목_3km_초급,7418
성덕정나들목_3km_초급,5581
성덕정나들목_3km_초급,3300
성덕정나들목_3km_초급,3112
성덕정나들목_3km_초급,6802
성덕정나들목_3km_초급,7000
성덕정나들목_5km_중급,6531
성덕정나들목_5km_중급,9671
성덕정나들목_5km_중급,4085
성덕정나들목_5km_중급,4302
성덕정나들목_5km_중급,3582
성덕정나들목_5km_중급,8496
성덕정나들목_5km_중급,1895
성덕정나들목_5km_중급,1088
성덕정나들목_5km_중급,6196
성덕정나들목_5km_중급,3656
성덕정나들목_5km_중급,8564
성덕정나들목_5km_중급,210
성덕정나들목_5km_중급,539
성덕정나들목_5km_중급,1590
성덕정나들목_5km_중급,7283
성덕정나들목_5km_중급,9434
성덕정나들목_5km_중급,4652
성덕정나들목_5km_중급,9297
성덕정나들목_5km_중급,8887
성덕정나들목_5km_중급,9007
성덕정나들목_5km_중급,4293
성덕정나들목_5km_중급,1156
성덕정나들목_5km_중급,6413
성덕정나들목_5km_중급,5370
성덕정나들목_5km_중급,2412
성덕정나들목_5km_중급,8776
성덕정나들목_5km_중급,8471
성덕정나들목_5km_중급,1354
성덕정나들목_5km_중급,6465
성덕정나들목_5km_중급,1610
성덕정나들목_5km_중급,5727
성덕정나들목_5km_중급,8993
성덕정나들목_5km_중급,9285
성덕정나들목_5km_중급,8945
성덕정나들목_5km_중급,3521
성덕정나들목_5km_중급,5114
성덕정나들목_5km_중급,4823
성덕정나들목_5km_중급,1964
성덕정나들목_5km_중급,8368
성덕정나들목_5km_중급,2252
성덕정나들목_5km_중급,6743
성덕정나들목_5km_중급,8617
성덕정나들목_5km_중급,4017
성덕정나들목_5km_중급,4934
성덕정나들목_5km_중급,8202
성덕정나들목_5km_중급,9507
성덕정나들목_5km_중급,2934
성덕정나들목_5km_중급,4311
성덕정나들목_5km_중급,3348
성덕정나들목_5km_중급,9636
성덕정나들목_5km_중급,9365
성덕정나들목_5km_중급,1076
성덕정나들목_5km_중급,3222
성덕정나들목_5km_중급,8004
성덕정나들목_5km_중급,2332
성덕정나들목_5km_중급,1165
성덕정나들목_5km_중급,9358
성덕정나들목_5km_중급,5199
성덕정나들목_5km_중급,4269
성덕정나들목_5km_중급,6414
성덕정나들목_5km_중급,5677
성덕정나들목_5km_중급,8808
성덕정나들목_5km_중급,5017
성덕정나들목_5km_중급,1933
성덕정나들목_5km_중급,5808
성덕정나들목_5km_중급,5264
성덕정나들목_5km_중급,4309
성덕정나들목_5km_중급,5602
성덕정나들목_5km_중급,6591
성덕정나들목_5km_중급,840
성덕정나들목_5km_중급,319
성덕정나들목_5km_중급,8115
성덕정나들목_5km_중급,1173
성덕정나들목_5km_중급,1096
성덕정나들목_5km_중급,9556
성덕정나들목_5km_중급,1304
성덕정나들목_5km_중급,7418
성덕정나들목_5km_중급,5581
성덕정나들목_5km_중급,3300
성덕정나들목_5km_중급,3112
성덕정나들목_5km_중급,6802
성덕정나들목_5km_중급,7000
청구아파트나들목_3km_초급,2433
청구아파트나들목_3km_초급,7492
청구아파트나들목_3km_초급,217
청구아파트나들목_3km_초급,3664
청구아파트나들목_3km_초급,3670
청구아파트나들목_3km_초급,6442
청구아파트나들목_3km_초급,5706
청구아파트나들목_3km_초급,8880
청구아파트나들목_3km_초급,1158
청구아파트나들목_3km_초급,2273
청구아파트나들목_3km_초급,887
청구아파트나들목_3km_초급,8312
청구아파트나들목_3km_초급,2187
청구아파트나들목_3km_초급,8531
청구아파트나들목_3km_초급,5741
청구아파트나들목_3km_초급,74
청구아파트나들목_3km_초급,239
청구아파트나들목_3km_초급,3009
청구아파트나들목_3km_초급,2218
청구아파트나들목_3km_초급,9065
청구아파트나들목_3km_초급,3941
청구아파트나들목_3km_초급,4755
청구아파트나들목_3km_초급,8430
청구아파트나들목_3km_초급,6409
청구아파트나들목_3km_초급,6956
청구아파트나들목_3km_초급,4398
청구아파트나들목_3km_초급,1338
청구아파트나들목_3km_초급,6641
청구아파트나들목_3km_초급,8180
청구아파트나들목_3km_초급,2207
청구아파트나들목_3km_초급,5655
청구아파트나들목_3km_초급,5886
청구아파트나들목_3km_초급,1210
청구아파트나들목_3km_초급,2724
청구아파트나들목_3km_초급,3399
청구아파트나들목_3km_초급,3296
청구아파트나들목_3km_초급,1934
청구아파트나들목_3km_초급,3496
청구아파트나들목_3km_초급,1893
청구아파트나들목_3km_초급,1884
청구아파트나들목_3km_초급,8447
청구아파트나들목_3km_초급,4156
청구아파트나들목_3km_초급,7
청구아파트나들목_3km_초급,1873
청구아파트나들목_3km_초급,61
청구아파트나들목_3km_초급,4849
청구아파트나들목_3km_초급,3724
청구아파트나들목_3km_초급,7129
청구아파트나들목_3km_초급,7648
청구아파트나들목_3km_초급,1779
청구아파트나들목_3km_초급,6373
청구아파트나들목_3km_초급,855
청구아파트나들목_3km_초급,7908
청구아파트나들목_3km_초급,9302
청구아파트나들목_3km_초급,7367
청구아파트나들목_3km_초급,3585
청구아파트나들목_5km_중급,2433
청구아파트나들목_5km_중급,7492
청구아파트나들목_5km_중급,217
청구아파트나들목_5km_중급,3585
청구아파트나들목_5km_중급,7367
청구아파트나들목_5km_중급,9302
청구아파트나들목_5km_중급,7908
청구아파트나들목_5km_중급,855
청구아파트나들목_5km_중급,6373
청구아파트나들목_5km_중급,1779
청구아파트나들목_5km_중급,7648
청구아파트나들목_5km_중급,7129
청구아파트나들목_5km_중급,3724
청구아파트나들목_5km_중급,4849
청구아파트나들목_5km_중급,61
청구아파트나들목_5km_중급,1873
청구아파트나들목_5km_중급,7
청구아파트나들목_5km_중급,4156
청구아파트나들목_5km_중급,8447
청구아파트나들목_5km_중급,1884
청구아파트나들목_5km_중급,9198
청구아파트나들목_5km_중급,2569
청구아파트나들목_5km_중급,5277
청구아파트나들목_5km_중급,1221
청구아파트나들목_5km_중급,425
청구아파트나들목_5km_중급,122
청구아파트나들목_5km_중급,8545
청구아파트나들목_5km_중급,1850
청구아파트나들목_5km_중급,8078
청구아파트나들목_5km_중급,8570
청구아파트나들목_5km_중급,2511
청구아파트나들목_5km_중급,4128
청구아파트나들목_5km_중급,3419
청구아파트나들목_5km_중급,4738
청구아파트나들목_5km_중급,8725
청구아파트나들목_5km_중급,7287
청구아파트나들목_5km_중급,8146
청구아파트나들목_5km_중급,4940
청구아파트나들목_5km_중급,4083
청구아파트나들목_5km_중급,6437
청구아파트나들목_5km_중급,621
청구아파트나들목_5km_중급,8703
청구아파트나들목_5km_중급,3394
청구아파트나들목_5km_중급,2644
청구아파트나들목_5km_중급,5311
청구아파트나들목_5km_중급,9378
청구아파트나들목_5km_중급,411
청구아파트나들목_5km_중급,1207
청구아파트나들목_5km_중급,5319
청구아파트나들목_5km_중급,6660
청구아파트나들목_5km_중급,471
청구아파트나들목_5km_중급,6624
청구아파트나들목_5km_중급,9104
청구아파트나들목_5km_중급,5854
청구아파트나들목_5km_중급,7307
청구아파트나들목_5km_중급,7816
청구아파트나들목_5km_중급,4476
청구아파트나들목_5km_중급,6116
청구아파트나들목_5km_중급,5886
청구아파트나들목_5km_중급,5655
청구아파트나들목_5km_중급,7422
청구아파트나들목_5km_중급,3342
청구아파트나들목_5km_중급,3553
청구아파트나들목_5km_중급,3973
청구아파트나들목_5km_중급,5640
청구아파트나들목_5km_중급,251
청구아파트나들목_5km_중급,2759
청구아파트나들목_5km_중급,3682
청구아파트나들목_5km_중급,7659
청구아파트나들목_5km_중급,3582
청구아파트나들목_5km_중급,8496
청구아파트나들목_5km_중급,1895
청구아파트나들목_5km_중급,7825
청구아파트나들목_5km_중급,8712
청구아파트나들목_5km_중급,3112
청구아파트나들목_5km_중급,6802
청구아파트나들목_5km_중급,7000
청구아파트나들목_5km_중급,6531
청구아파트나들목_5km_중급,9671
청구아파트나들목_5km_중급,4085
청구아파트나들목_5km_중급,3092
청구아파트나들목_5km_중급,8819
청구아파트나들목_5km_중급,9606
청구아파트나들목_5km_중급,8343
청구아파트나들목_5km_중급,1214
청구아파트나들목_5km_중급,5921
청구아파트나들목_5km_중급,6975
청구아파트나들목_5km_중급,7159
청구아파트나들목_5km_중급,8318
청구아파트나들목_5km_중급,1363
청구아파트나들목_5km_중급,4440
청구아파트나들목_5km_중급,73
청구아파트나들목_5km_중급,4380
청구아파트나들목_5km_중급,4248
청구아파트나들목_5km_중급,2265
청구아파트나들목_5km_중급,3664
송정체육공원_3km_초급,5132
송정체육공원_3km_초급,2645
송정체육공원_3km_초급,6715
송정체육공원_3km_초급,3676
송정체육공원_3km_초급,430
송정체육공원_3km_초급,7726
송정체육공원_3km_초급,1181
송정체육공원_3km_초급,5915
송정체육공원_3km_초급,7476
송정체육공원_3km_초급,5119
송정체육공원_3km_초급,668
송정체육공원_3km_초급,6628
송정체육공원_3km_초급,7431
송정체육공원_3km_초급,6928
송정체육공원_3km_초급,6723
송정체육공원_3km_초급,915
송정체육공원_3km_초급,398
송정체육공원_3km_초급,6516
송정체육공원_3km_초급,4588
송정체육공원_3km_초급,29
송정체육공원_3km_초급,3464
송정체육공원_3km_초급,3455
송정체육공원_3km_초급,6825
송정체육공원_3km_초급,2695
송정체육공원_3km_초급,7454
송정체육공원_3km_초급,6864
송정체육공원_3km_초급,2030
송정체육공원_3km_초급,2546
송정체육공원_3km_초급,4067
송정체육공원_3km_초급,3397
송정체육공원_3km_초급,9047
송정체육공원_3km_초급,8462
송정체육공원_3km_초급,399
송정체육공원_3km_초급,4982
송정체육공원_3km_초급,4297
송정체육공원_3km_초급,4167
송정체육공원_3km_초급,1276
송정체육공원_3km_초급,6314
송정체육공원_3km_초급,9144
송정체육공원_3km_초급,1449
송정체육공원_3km_초급,4966
송정체육공원_3km_초급,9326
송정체육공원_3km_초급,7208
송정체육공원_3km_초급,3723
송정체육공원_3km_초급,2529
송정체육공원_3km_초급,2847
송정체육공원_3km_초급,8454
송정체육공원_3km_초급,2004
송정체육공원_3km_초급,7799
송정체육공원_3km_초급,4016
송정체육공원_3km_초급,928
송정체육공원_3km_초급,4930
송정체육공원_3km_초급,6755
송정체육공원_3km_초급,3150
송정체육공원_5km_중급,5132
송정체육공원_5km_중급,2645
송정체육공원_5km_중급,6715
송정체육공원_5km_중급,3676
송정체육공원_5km_중급,430
송정체육공원_5km_중급,7726
송정체육공원_5km_중급,1181
송정체육공원_5km_중급,5915
송정체육공원_5km_중급,7476
송정체육공원_5km_중급,5119
송정체육공원_5km_중급,668
송정체육공원_5km_중급,6628
송정체육공원_5km_중급,7431
송정체육공원_5km_중급,6928
송정체육공원_5km_중급,6723
송정체육공원_5km_중급,915
송정체육공원_5km_중급,398
송정체육공원_5km_중급,6516
송정체육공원_5km_중급,4588
송정체육공원_5km_중급,29
송정체육공원_5km_중급,3464
송정체육공원_5km_중급,3455
송정체육공원_5km_중급,6825
송정체육공원_5km_중급,2695
송정체육공원_5km_중급,7454
송정체육공원_5km_중급,8626
송정체육공원_5km_중급,5875
송정체육공원_5km_중급,6644
송정체육공원_5km_중급,6550
송정체육공원_5km_중급,3671
송정체육공원_5km_중급,8538
송정체육공원_5km_중급,2394
송정체육공원_5km_중급,7785
송정체육공원_5km_중급,4412
송정체육공원_5km_중급,203
송정체육공원_5km_중급,7496
송정체육공원_5km_중급,734
송정체육공원_5km_중급,2601
송정체육공원_5km_중급,4533
송정체육공원_5km_중급,7673
송정체육공원_5km_중급,6261
송정체육공원_5km_중급,872
송정체육공원_5km_중급,1241
송정체육공원_5km_중급,2023
송정체육공원_5km_중급,6012
송정체육공원_5km_중급,3051
송정체육공원_5km_중급,4168
송정체육공원_5km_중급,1180
송정체육공원_5km_중급,6612
송정체육공원_5km_중급,3121
송정체육공원_5km_중급,5654
송정체육공원_5km_중급,4939
송정체육공원_5km_중급,7899
송정체육공원_5km_중급,4297
송정체육공원_5km_중급,4167
송정체육공원_5km_중급,1276
송정체육공원_5km_중급,6314
송정체육공원_5km_중급,9144
송정체육공원_5km_중급,1449
송정체육공원_5km_중급,4966
송정체육공원_5km_중급,9326
송정체육공원_5km_중급,7208
송정체육공원_5km_중급,3723
송정체육공원_5km_중급,2529
송정체육공원_5km_중급,2847
송정체육공원_5km_중급,8454
송정체육공원_5km_중급,2004
송정체육공원_5km_중급,7799
송정체육공원_5km_중급,4016
송정체육공원_5km_중급,928
송정체육공원_5km_중급,4930
송정체육공원_5km_중급,6755
송정체육공원_5km_중급,3150
서울숲역_3km_초급,2175
서울숲역_3km_초급,3170
서울숲역_3km_초급,2167
서울숲역_3km_초급,8752
서울숲역_3km_초급,8037
서울숲역_3km_초급,6318
서울숲역_3km_초급,5422
서울숲역_3km_초급,3135
서울숲역_3km_초급,5745
서울숲역_3km_초급,347
서울숲역_3km_초급,8870
서울숲역_3km_초급,5172
서울숲역_3km_초급,816
서울숲역_3km_초급,4745
서울숲역_3km_초급,9111
서울숲역_3km_초급,1091
서울숲역_3km_초급,5018
서울숲역_3km_초급,5732
서울숲역_3km_초급,6561
서울숲역_3km_초급,1933
서울숲역_3km_초급,5808
서울숲역_3km_초급,5264
서울숲역_3km_초급,8056
서울숲역_3km_초급,2691
서울숲역_3km_초급,9248
서울숲역_3km_초급,6146
서울숲역_3km_초급,1791
서울숲역_3km_초급,4349
서울숲역_3km_초급,349
서울숲역_3km_초급,8159
서울숲역_3km_초급,1336
서울숲역_3km_초급,6673
서울숲역_3km_초급,1711
서울숲역_3km_초급,9539
서울숲역_3km_초급,6754
서울숲역_3km_초급,1109
서울숲역_3km_초급,8508
서울숲역_3km_초급,7028
서울숲역_3km_초급,3367
서울숲역_3km_초급,4675
서울숲역_3km_초급,6782
서울숲역_5km_중급,6782
서울숲역_5km_중급,4675
서울숲역_5km_중급,3367
서울숲역_5km_중급,7028
서울숲역_5km_중급,8508
서울숲역_5km_중급,2178
서울숲역_5km_중급,6331
서울숲역_5km_중급,2657
서울숲역_5km_중급,8245
서울숲역_5km_중급,3493
서울숲역_5km_중급,1302
서울숲역_5km_중급,1985
서울숲역_5km_중급,3353
서울숲역_5km_중급,1232
서울숲역_5km_중급,8471
서울숲역_5km_중급,9674
서울숲역_5km_중급,1649
서울숲역_5km_중급,6188
서울숲역_5km_중급,3068
서울숲역_5km_중급,7382
서울숲역_5km_중급,5142
서울숲역_5km_중급,3305
서울숲역_5km_중급,5939
서울숲역_5km_중급,711
서울숲역_5km_중급,5470
서울숲역_5km_중급,5773
서울숲역_5km_중급,3249
서울숲역_5km_중급,7477
서울숲역_5km_중급,1212
서울숲역_5km_중급,524
서울숲역_5km_중급,832
서울숲역_5km_중급,7097
서울숲역_5km_중급,3210
서울숲역_5km_중급,5572
서울숲역_5km_중급,9629
서울숲역_5km_중급,1774
서울숲역_5km_중급,8070
서울숲역_5km_중급,3752
서울숲역_5km_중급,9519
서울숲역_5km_중급,7053
서울숲역_5km_중급,8822
서울숲역_5km_중급,9078
서울숲역_5km_중급,7304
서울숲역_5km_중급,2276
서울숲역_5km_중급,3681
서울숲역_5km_중급,8958
서울숲역_5km_중급,4430
서울숲역_5km_중급,8545
서울숲역_5km_중급,5328
서울숲역_5km_중급,3916
서울숲역_5km_중급,1097
서울숲역_5km_중급,499
서울숲역_5km_중급,1210
서울숲역_5km_중급,5886
서울숲역_5km_중급,5655
서울숲역_5km_중급,7422
서울숲역_5km_중급,3342
서울숲역_5km_중급,3553
서울숲역_5km_중급,3973
서울숲역_5km_중급,5640
서울숲역_5km_중급,251
서울숲역_5km_중급,2759
서울숲역_5km_중급,3682
서울숲역_5km_중급,7659
서울숲역_5km_중급,3582
서울숲역_5km_중급,8496
서울숲역_5km_중급,1895
서울숲역_5km_중급,1088
서울숲역_5km_중급,6196
서울숲역_5km_중급,3656
서울숲역_5km_중급,8564
서울숲역_5km_중급,210
서울숲역_5km_중급,539
서울숲역_5km_중급,1590
서울숲역_5km_중급,7283
서울숲역_5km_중급,9434
서울숲역_5km_중급,4652
서울숲역_5km_중급,9297
서울숲역_5km_중급,8887
서울숲역_5km_중급,9007
서울숲역_5km_중급,4293
서울숲역_5km_중급,3226
서울숲역_5km_중급,3119
서울숲역_5km_중급,7070
서울숲역_5km_중급,2121
서울숲역_5km_중급,1320
서울숲역_5km_중급,4387
서울숲역_5km_중급,1951
서울숲역_5km_중급,7241
서울숲역_5km_중급,7797
서울숲역_5km_중급,1109
성삼공원_3km_초급,8953
성삼공원_3km_초급,7111
성삼공원_3km_초급,9654
성삼공원_3km_초급,1773
성삼공원_3km_초급,7724
성삼공원_3km_초급,8551
성삼공원_3km_초급,2637
성삼공원_3km_초급,7352
성삼공원_3km_초급,4418
성삼공원_3km_초급,8451
성삼공원_3km_초급,7081
성삼공원_3km_초급,5925
성삼공원_3km_초급,564
성삼공원_3km_초급,7003
성삼공원_3km_초급,1535
성삼공원_3km_초급,8575
성삼공원_3km_초급,9292
성삼공원_3km_초급,1725
성삼공원_3km_초급,2378
성삼공원_3km_초급,5656
성삼공원_3km_초급,3699
성삼공원_3km_초급,9375
성삼공원_3km_초급,3515
성삼공원_3km_초급,661
성삼공원_3km_초급,3048
성삼공원_3km_초급,7101
성삼공원_3km_초급,4177
성삼공원_3km_초급,6195
성삼공원_3km_초급,9307
성삼공원_3km_초급,1124
성삼공원_3km_초급,6122
성삼공원_3km_초급,6145
성삼공원_3km_초급,7124
성삼공원_3km_초급,4756
성삼공원_3km_초급,3511
성삼공원_3km_초급,9384
성삼공원_3km_초급,2855
성삼공원_3km_초급,2932
성삼공원_3km_초급,728
성삼공원_3km_초급,4076
성삼공원_3km_초급,8846
성삼공원_3km_초급,2961
성삼공원_3km_초급,5246
성삼공원_3km_초급,3426
성삼공원_3km_초급,8404
성삼공원_5km_중급,8404
성삼공원_5km_중급,3426
성삼공원_5km_중급,5246
성삼공원_5km_중급,2961
성삼공원_5km_중급,5029
성삼공원_5km_중급,9590
성삼공원_5km_중급,5619
성삼공원_5km_중급,1274
성삼공원_5km_중급,7542
성삼공원_5km_중급,2378
성삼공원_5km_중급,5726
성삼공원_5km_중급,4057
성삼공원_5km_중급,509
성삼공원_5km_중급,2196
성삼공원_5km_중급,5458
성삼공원_5km_중급,2571
성삼공원_5km_중급,6832
성삼공원_5km_중급,9197
성삼공원_5km_중급,1568
성삼공원_5km_중급,8273
성삼공원_5km_중급,8036
성삼공원_5km_중급,3713
성삼공원_5km_중급,2514
성삼공원_5km_중급,4525
성삼공원_5km_중급,9419
성삼공원_5km_중급,122
성삼공원_5km_중급,8545
성삼공원_5km_중급,5328
성삼공원_5km_중급,3916
성삼공원_5km_중급,8765
성삼공원_5km_중급,1227
성삼공원_5km_중급,1960
성삼공원_5km_중급,8725
성삼공원_5km_중급,7287
성삼공원_5km_중급,8146
성삼공원_5km_중급,4940
성삼공원_5km_중급,4083
성삼공원_5km_중급,6437
성삼공원_5km_중급,621
성삼공원_5km_중급,743
성삼공원_5km_중급,7477
성삼공원_5km_중급,3249
성삼공원_5km_중급,1044
성삼공원_5km_중급,7348
성삼공원_5km_중급,1858
성삼공원_5km_중급,5495
성삼공원_5km_중급,3155
성삼공원_5km_중급,2602
성삼공원_5km_중급,5623
성삼공원_5km_중급,4419
성삼공원_5km_중급,8543
성삼공원_5km_중급,2302
성삼공원_5km_중급,4473
성삼공원_5km_중급,6330
성삼공원_5km_중급,508
성삼공원_5km_중급,5631
성삼공원_5km_중급,7193
성삼공원_5km_중급,2324
성삼공원_5km_중급,3463
성삼공원_5km_중급,1241
성삼공원_5km_중급,872
성삼공원_5km_중급,4736
성삼공원_5km_중급,3085
성삼공원_5km_중급,8841
성삼공원_5km_중급,3123
성삼공원_5km_중급,8907
성삼공원_5km_중급,4416
성삼공원_5km_중급,9595
성삼공원_5km_중급,8832
성삼공원_5km_중급,3358
성삼공원_5km_중급,8648
성삼공원_5km_중급,5535
성삼공원_5km_중급,8551
성삼공원_5km_중급,7724
성삼공원_5km_중급,1773
성삼공원_5km_중급,9654
성삼공원_5km_중급,7111
성삼공원_5km_중급,8953
금옥공원_3km_초급,2096
금옥공원_3km_초급,3758
금옥공원_3km_초급,9056
금옥공원_3km_초급,874
금옥공원_3km_초급,5549
금옥공원_3km_초급,3445
금옥공원_3km_초급,9278
금옥공원_3km_초급,7805
금옥공원_3km_초급,3556
금옥공원_3km_초급,8692
금옥공원_3km_초급,3422
금옥공원_3km_초급,6909
금옥공원_3km_초급,7259
금옥공원_3km_초급,3761
금옥공원_3km_초급,9190
금옥공원_3km_초급,4478
금옥공원_3km_초급,3309
금옥공원_3km_초급,383
금옥공원_3km_초급,4046
금옥공원_3km_초급,2907
금옥공원_3km_초급,7800
금옥공원_3km_초급,4501
금옥공원_3km_초급,9186
금옥공원_3km_초급,578
금옥공원_3km_초급,6813
금옥공원_3km_초급,4892
금옥공원_3km_초급,2869
금옥공원_3km_초급,6000
금옥공원_3km_초급,1704
금옥공원_3km_초급,9411
금옥공원_3km_초급,5161
금옥공원_3km_초급,5062
금옥공원_3km_초급,2625
금옥공원_3km_초급,6817
금옥공원_3km_초급,5576
금옥공원_3km_초급,3767
금옥공원_3km_초급,9010
금옥공원_3km_초급,9130
금옥공원_3km_초급,6218
금옥공원_3km_초급,4812
금옥공원_3km_초급,6408
금옥공원_3km_초급,3711
금옥공원_3km_초급,9454
금옥공원_3km_초급,1671
금옥공원_3km_초급,9644
금옥공원_3km_초급,8920
금옥공원_3km_초급,4814
금옥공원_3km_초급,2458
금옥공원_3km_초급,3037
금옥공원_3km_초급,987
금옥공원_3km_초급,2800
금옥공원_3km_초급,9660
금옥공원_3km_초급,9148
금옥공원_3km_초급,1637
금옥공원_5km_중급,2739
금옥공원_5km_중급,4845
금옥공원_5km_중급,6247
금옥공원_5km_중급,8738
금옥공원_5km_중급,4097
금옥공원_5km_중급,5281
금옥공원_5km_중급,3416
금옥공원_5km_중급,5030
금옥공원_5km_중급,4187
금옥공원_5km_중급,3257
금옥공원_5km_중급,1640
금옥공원_5km_중급,2585
금옥공원_5km_중급,2580
금옥공원_5km_중급,8619
금옥공원_5km_중급,7589
금옥공원_5km_중급,5737
금옥공원_5km_중급,1709
금옥공원_5km_중급,5307
금옥공원_5km_중급,163
금옥공원_5km_중급,8266
금옥공원_5km_중급,9309
금옥공원_5km_중급,7251
금옥공원_5km_중급,5085
금옥공원_5km_중급,2131
금옥공원_5km_중급,1580
금옥공원_5km_중급,5122
금옥공원_5km_중급,771
금옥공원_5km_중급,1943
금옥공원_5km_중급,1582
금옥공원_5km_중급,7185
금옥공원_5km_중급,2736
금옥공원_5km_중급,1818
금옥공원_5km_중급,4115
금옥공원_5km_중급,6354
금옥공원_5km_중급,278
금옥공원_5km_중급,4608
금옥공원_5km_중급,7082
금옥공원_5km_중급,6818
금옥공원_5km_중급,1662
금옥공원_5km_중급,6896
금옥공원_5km_중급,8213
금옥공원_5km_중급,6937
금옥공원_5km_중급,5065
금옥공원_5km_중급,6931
금옥공원_5km_중급,5048
금옥공원_5km_중급,7298
금옥공원_5km_중급,7425
금옥공원_5km_중급,4201
금옥공원_5km_중급,1295
금옥공원_5km_중급,762
금옥공원_5km_중급,7473
금옥공원_5km_중급,1033
금옥공원_5km_중급,8100
금옥공원_5km_중급,1864
금옥공원_5km_중급,9633
금옥공원_5km_중급,9568
금옥공원_5km_중급,6840
금옥공원_5km_중급,2049
금옥공원_5km_중급,7035
금옥공원_5km_중급,2133
금옥공원_5km_중급,6658
금옥공원_5km_중급,7576
금옥공원_5km_중급,6130
금옥공원_5km_중급,1607
금옥공원_5km_중급,6985
금옥공원_5km_중급,4809
금옥공원_5km_중급,4205
금옥공원_5km_중급,6744
금옥공원_5km_중급,7723
금옥공원_5km_중급,5362
금옥공원_5km_중급,8815
금옥공원_5km_중급,868
금옥공원_5km_중급,8152
금옥공원_5km_중급,3721
금옥공원_5km_중급,3725
금옥공원_5km_중급,1722
금옥공원_5km_중급,6497
금옥공원_5km_중급,9010
금옥공원_5km_중급,9130
금옥공원_5km_중급,6218
금옥공원_5km_중급,4812
금옥공원_5km_중급,6408
금옥공원_5km_중급,3711
금옥공원_5km_중급,9454
금옥공원_5km_중급,1671
금옥공원_5km_중급,9644
금옥공원_5km_중급,8920
금옥공원_5km_중급,4814
금옥공원_5km_중급,2458
금옥공원_5km_중급,3037
금옥공원_5km_중급,987
금옥공원_5km_중급,2800
금옥공원_5km_중급,9660
금옥공원_5km_중급,9148
금옥공원_5km_중급,1637
꽃재공원_3km_초급,1442
꽃재공원_3km_초급,6375
꽃재공원_3km_초급,5339
꽃재공원_3km_초급,9503
꽃재공원_3km_초급,3755
꽃재공원_3km_초급,6979
꽃재공원_3km_초급,5478
꽃재공원_3km_초급,237
꽃재공원_3km_초급,1714
꽃재공원_3km_초급,8158
꽃재공원_3km_초급,3328
꽃재공원_3km_초급,5718
꽃재공원_3km_초급,6842
꽃재공원_3km_초급,7005
꽃재공원_3km_초급,1699
꽃재공원_3km_초급,8351
꽃재공원_3km_초급,3589
꽃재공원_3km_초급,949
꽃재공원_3km_초급,6393
꽃재공원_3km_초급,2714
꽃재공원_3km_초급,4858
꽃재공원_3km_초급,9646
꽃재공원_3km_초급,2447
꽃재공원_3km_초급,1245
꽃재공원_3km_초급,6895
꽃재공원_3km_초급,4639
꽃재공원_3km_초급,8843
꽃재공원_3km_초급,7949
꽃재공원_3km_초급,2913
꽃재공원_3km_초급,8499
꽃재공원_3km_초급,8849
꽃재공원_3km_초급,1112
꽃재공원_3km_초급,5620
꽃재공원_3km_초급,5568
꽃재공원_3km_초급,279
꽃재공원_3km_초급,8141
꽃재공원_3km_초급,7920
꽃재공원_3km_초급,2772
꽃재공원_3km_초급,811
꽃재공원_3km_초급,5293
꽃재공원_3km_초급,6536
꽃재공원_3km_초급,972
꽃재공원_3km_초급,6563
꽃재공원_3km_초급,338
꽃재공원_3km_초급,1952
꽃재공원_3km_초급,9631
꽃재공원_3km_초급,8654
꽃재공원_3km_초급,8295
꽃재공원_3km_초급,8268
꽃재공원_3km_초급,4950
꽃재공원_3km_초급,3365
꽃재공원_3km_초급,4763
꽃재공원_3km_초급,6564
꽃재공원_3km_초급,5696
꽃재공원_3km_초급,6024
꽃재공원_3km_초급,137
꽃재공원_3km_초급,91
꽃재공원_3km_초급,3111
꽃재공원_3km_초급,8942
꽃재공원_3km_초급,7086
꽃재공원_3km_초급,9657
꽃재공원_5km_중급,1442
꽃재공원_5km_중급,5205
꽃재공원_5km_중급,805
꽃재공원_5km_중급,2918
꽃재공원_5km_중급,3033
꽃재공원_5km_중급,656
꽃재공원_5km_중급,3777
꽃재공원_5km_중급,8883
꽃재공원_5km_중급,4713
꽃재공원_5km_중급,1651
꽃재공원_5km_중급,7008
꽃재공원_5km_중급,2231
꽃재공원_5km_중급,6707
꽃재공원_5km_중급,2967
꽃재공원_5km_중급,3928
꽃재공원_5km_중급,8740
꽃재공원_5km_중급,9095
꽃재공원_5km_중급,5168
꽃재공원_5km_중급,1195
꽃재공원_5km_중급,8424
꽃재공원_5km_중급,8623
꽃재공원_5km_중급,562
꽃재공원_5km_중급,6152
꽃재공원_5km_중급,646
꽃재공원_5km_중급,1116
꽃재공원_5km_중급,5380
꽃재공원_5km_중급,3773
꽃재공원_5km_중급,1216
꽃재공원_5km_중급,7684
꽃재공원_5km_중급,4492
꽃재공원_5km_중급,2007
꽃재공원_5km_중급,5265
꽃재공원_5km_중급,920
꽃재공원_5km_중급,1454
꽃재공원_5km_중급,2551
꽃재공원_5km_중급,7460
꽃재공원_5km_중급,5845
꽃재공원_5km_중급,591
꽃재공원_5km_중급,8084
꽃재공원_5km_중급,4132
꽃재공원_5km_중급,5063
꽃재공원_5km_중급,2690
꽃재공원_5km_중급,6392
꽃재공원_5km_중급,7735
꽃재공원_5km_중급,4610
꽃재공원_5km_중급,2562
꽃재공원_5km_중급,3185
꽃재공원_5km_중급,5918
꽃재공원_5km_중급,5073
꽃재공원_5km_중급,7981
꽃재공원_5km_중급,8201
꽃재공원_5km_중급,8649
꽃재공원_5km_중급,6405
꽃재공원_5km_중급,9085
꽃재공원_5km_중급,4911
꽃재공원_5km_중급,6521
꽃재공원_5km_중급,6084
꽃재공원_5km_중급,8375
꽃재공원_5km_중급,1247
꽃재공원_5km_중급,6929
꽃재공원_5km_중급,8408
꽃재공원_5km_중급,5894
꽃재공원_5km_중급,9014
꽃재공원_5km_중급,2236
꽃재공원_5km_중급,4314
꽃재공원_5km_중급,3497
꽃재공원_5km_중급,3082
꽃재공원_5km_중급,558
꽃재공원_5km_중급,3927
꽃재공원_5km_중급,4654
꽃재공원_5km_중급,3117
꽃재공원_5km_중급,3179
꽃재공원_5km_중급,4414
꽃재공원_5km_중급,8063
꽃재공원_5km_중급,3600
꽃재공원_5km_중급,1760
꽃재공원_5km_중급,7517
꽃재공원_5km_중급,5887
꽃재공원_5km_중급,3821
꽃재공원_5km_중급,461
꽃재공원_5km_중급,2692
꽃재공원_5km_중급,4446
꽃재공원_5km_중급,5272
꽃재공원_5km_중급,389
꽃재공원_5km_중급,2966
꽃재공원_5km_중급,9444
꽃재공원_5km_중급,1988
꽃재공원_5km_중급,4263
꽃재공원_5km_중급,9392
꽃재공원_5km_중급,8934
꽃재공원_5km_중급,7949
꽃재공원_5km_중급,3851
꽃재공원_5km_중급,9562
꽃재공원_5km_중급,7866
꽃재공원_5km_중급,5007
꽃재공원_5km_중급,3892
꽃재공원_5km_중급,237
꽃재공원_5km_중급,5478
꽃재공원_5km_중급,6979
꽃재공원_5km_중급,3755
꽃재공원_5km_중급,9503
꽃재공원_5km_중급,5339
꽃재공원_5km_중급,6375
용답마을마당_3km_초급,5720
용답마을마당_3km_초급,7310
용답마을마당_3km_초급,8773
용답마을마당_3km_초급,9260
용답마을마당_3km_초급,1453
용답마을마당_3km_초급,4691
용답마을마당_3km_초급,1545
용답마을마당_3km_초급,3584
용답마을마당_3km_초급,1830
용답마을마당_3km_초급,1011
용답마을마당_3km_초급,6947
용답마을마당_3km_초급,4226
용답마을마당_3km_초급,4283
용답마을마당_3km_초급,3911
용답마을마당_3km_초급,3207
용답마을마당_3km_초급,7254
용답마을마당_3km_초급,5262
용답마을마당_3km_초급,1853
용답마을마당_3km_초급,6809
용답마을마당_3km_초급,6711
용답마을마당_3km_초급,3972
용답마을마당_3km_초급,4493
용답마을마당_3km_초급,4534
용답마을마당_3km_초급,2824
용답마을마당_3km_초급,2952
용답마을마당_3km_초급,1983
용답마을마당_3km_초급,7729
용답마을마당_3km_초급,320
용답마을마당_3km_초급,8388
용답마을마당_3km_초급,224
용답마을마당_3km_초급,4184
용답마을마당_3km_초급,475
용답마을마당_3km_초급,1440
용답마을마당_3km_초급,8042
용답마을마당_3km_초급,4872
용답마을마당_3km_초급,1872
용답마을마당_3km_초급,4059
용답마을마당_3km_초급,6776
용답마을마당_3km_초급,4655
용답마을마당_3km_초급,7131
용답마을마당_3km_초급,5539
용답마을마당_3km_초급,2735
용답마을마당_3km_초급,1297
용답마을마당_3km_초급,7571
용답마을마당_3km_초급,4790
용답마을마당_3km_초급,9493
용답마을마당_3km_초급,3910
용답마을마당_3km_초급,4955
용답마을마당_3km_초급,4883
용답마을마당_3km_초급,3512
용답마을마당_3km_초급,1200
용답마을마당_3km_초급,4125
용답마을마당_3km_초급,154
용답마을마당_3km_초급,5457
용답마을마당_3km_초급,3764
용답마을마당_3km_초급,609
용답마을마당_3km_초급,360
용답마을마당_5km_중급,360
용답마을마당_5km_중급,609
용답마을마당_5km_중급,3764
용답마을마당_5km_중급,5457
용답마을마당_5km_중급,3433
용답마을마당_5km_중급,8423
용답마을마당_5km_중급,905
용답마을마당_5km_중급,4552
용답마을마당_5km_중급,5598
용답마을마당_5km_중급,7647
용답마을마당_5km_중급,8042
용답마을마당_5km_중급,4872
용답마을마당_5km_중급,6551
용답마을마당_5km_중급,8691
용답마을마당_5km_중급,1412
용답마을마당_5km_중급,3771
용답마을마당_5km_중급,5268
용답마을마당_5km_중급,1130
용답마을마당_5km_중급,2770
용답마을마당_5km_중급,7262
용답마을마당_5km_중급,4779
용답마을마당_5km_중급,7478
용답마을마당_5km_중급,9018
용답마을마당_5km_중급,3055
용답마을마당_5km_중급,8185
용답마을마당_5km_중급,443
용답마을마당_5km_중급,7383
용답마을마당_5km_중급,6031
용답마을마당_5km_중급,512
용답마을마당_5km_중급,7539
용답마을마당_5km_중급,7222
용답마을마당_5km_중급,1278
용답마을마당_5km_중급,9580
용답마을마당_5km_중급,8661
용답마을마당_5km_중급,8522
용답마을마당_5km_중급,7536
용답마을마당_5km_중급,9521
용답마을마당_5km_중급,6316
용답마을마당_5km_중급,1357
용답마을마당_5km_중급,5364
용답마을마당_5km_중급,9491
용답마을마당_5km_중급,5959
용답마을마당_5km_중급,8095
용답마을마당_5km_중급,4743
용답마을마당_5km_중급,4059
용답마을마당_5km_중급,6776
용답마을마당_5km_중급,4655
용답마을마당_5km_중급,7131
용답마을마당_5km_중급,5539
용답마을마당_5km_중급,2735
용답마을마당_5km_중급,1297
용답마을마당_5km_중급,7571
용답마을마당_5km_중급,4790
용답마을마당_5km_중급,9493
용답마을마당_5km_중급,3910
용답마을마당_5km_중급,4955
용답마을마당_5km_중급,4883
용답마을마당_5km_중급,3512
용답마을마당_5km_중급,1200
용답마을마당_5km_중급,4125
용답마을마당_5km_중급,154
향림소공원_3km_초급,5080
향림소공원_3km_초급,4462
향림소공원_3km_초급,6640
향림소공원_3km_초급,2017
향림소공원_3km_초급,1824
향림소공원_3km_초급,6315
향림소공원_3km_초급,7634
향림소공원_3km_초급,2522
향림소공원_3km_초급,5275
향림소공원_3km_초급,7978
향림소공원_3km_초급,7893
향림소공원_3km_초급,432
향림소공원_3km_초급,4949
향림소공원_3km_초급,6898
향림소공원_3km_초급,864
향림소공원_3km_초급,9348
향림소공원_3km_초급,4267
향림소공원_3km_초급,9048
향림소공원_3km_초급,7197
향림소공원_3km_초급,3691
향림소공원_3km_초급,7921
향림소공원_3km_초급,6484
향림소공원_3km_초급,7236
향림소공원_3km_초급,7027
향림소공원_3km_초급,684
향림소공원_3km_초급,3849
향림소공원_3km_초급,9325
향림소공원_3km_초급,6324
향림소공원_3km_초급,5909
향림소공원_3km_초급,39
향림소공원_3km_초급,9366
향림소공원_3km_초급,9549
향림소공원_3km_초급,700
향림소공원_3km_초급,9062
향림소공원_3km_초급,2046
향림소공원_3km_초급,1080
향림소공원_3km_초급,3809
향림소공원_3km_초급,9470
향림소공원_3km_초급,2089
향림소공원_3km_초급,7864
향림소공원_3km_초급,5260
향림소공원_3km_초급,3831
향림소공원_3km_초급,5970
향림소공원_3km_초급,4123
향림소공원_3km_초급,9165
향림소공원_3km_초급,8297
향림소공원_3km_초급,3446
향림소공원_3km_초급,1589
향림소공원_3km_초급,5439
향림소공원_3km_초급,9662
향림소공원_3km_초급,6108
향림소공원_3km_초급,7902
향림소공원_3km_초급,1079
향림소공원_3km_초급,6678
향림소공원_5km_중급,5080
향림소공원_5km_중급,6678
향림소공원_5km_중급,1079
향림소공원_5km_중급,7902
향림소공원_5km_중급,3479
향림소공원_5km_중급,6796
향림소공원_5km_중급,6155
향림소공원_5km_중급,7084
향림소공원_5km_중급,4697
향림소공원_5km_중급,2584
향림소공원_5km_중급,3942
향림소공원_5km_중급,1044
향림소공원_5km_중급,5773
향림소공원_5km_중급,5470
향림소공원_5km_중급,711
향림소공원_5km_중급,5939
향림소공원_5km_중급,3305
향림소공원_5km_중급,5142
향림소공원_5km_중급,7382
향림소공원_5km_중급,3068
향림소공원_5km_중급,6188
향림소공원_5km_중급,1649
향림소공원_5km_중급,6267
향림소공원_5km_중급,8535
향림소공원_5km_중급,3617
향림소공원_5km_중급,8945
향림소공원_5km_중급,3521
향림소공원_5km_중급,5114
향림소공원_5km_중급,4823
향림소공원_5km_중급,1964
향림소공원_5km_중급,8368
향림소공원_5km_중급,2252
향림소공원_5km_중급,6743
향림소공원_5km_중급,8617
향림소공원_5km_중급,7531
향림소공원_5km_중급,3259
향림소공원_5km_중급,8831
향림소공원_5km_중급,3285
향림소공원_5km_중급,6621
향림소공원_5km_중급,6045
향림소공원_5km_중급,1149
향림소공원_5km_중급,7013
향림소공원_5km_중급,1109
향림소공원_5km_중급,7797
향림소공원_5km_중급,7241
향림소공원_5km_중급,1951
향림소공원_5km_중급,4387
향림소공원_5km_중급,1320
향림소공원_5km_중급,2121
향림소공원_5km_중급,7070
향림소공원_5km_중급,3119
향림소공원_5km_중급,3226
향림소공원_5km_중급,7664
향림소공원_5km_중급,1907
향림소공원_5km_중급,471
향림소공원_5km_중급,5892
향림소공원_5km_중급,1227
향림소공원_5km_중급,8765
향림소공원_5km_중급,3916
향림소공원_5km_중급,5328
향림소공원_5km_중급,8545
향림소공원_5km_중급,4430
향림소공원_5km_중급,8958
향림소공원_5km_중급,3681
향림소공원_5km_중급,2276
향림소공원_5km_중급,7304
향림소공원_5km_중급,7929
향림소공원_5km_중급,952
향림소공원_5km_중급,6323
향림소공원_5km_중급,59
향림소공원_5km_중급,5256
향림소공원_5km_중급,1528
향림소공원_5km_중급,4975
향림소공원_5km_중급,9311
향림소공원_5km_중급,2766
향림소공원_5km_중급,5992
